{"cameraMode":{"drawMode":0,"name":"Shaded","section":"Shading Mode"},"sceneLighting":true,"audioPlay":false,"sceneViewState":{"showFog":true,"showMaterialUpdate":false,"showSkybox":true,"showFlares":true,"showImageEffects":true,"showParticleSystems":true},"in2DMode":false,"pivot":{"x":-12.19228744506836,"y":-5.301408290863037,"z":7.236475944519043},"rotation":{"x":-0.06043463945388794,"y":0.777228593826294,"z":-0.07554909586906433,"w":-0.6217361092567444},"size":40.79977798461914,"orthographic":false}